{"cameraMode":{"drawMode":0,"name":"Shaded","section":"Shading Mode"},"sceneLighting":true,"audioPlay":false,"sceneViewState":{"showFog":true,"showMaterialUpdate":true,"showSkybox":true,"showFlares":true,"showImageEffects":true,"showParticleSystems":true},"in2DMode":false,"pivot":{"x":28.52522087097168,"y":5.13931941986084,"z":-42.99040222167969},"rotation":{"x":0.002048955298960209,"y":0.21845237910747529,"z":0.0004693289811257273,"w":-0.975864052772522},"size":7.8467888832092289,"orthographic":false}