{"cameraMode":{"drawMode":0,"name":"Shaded","section":"Shading Mode"},"sceneLighting":true,"audioPlay":false,"sceneViewState":{"showFog":false,"showMaterialUpdate":false,"showSkybox":false,"showFlares":false,"showImageEffects":false,"showParticleSystems":false},"in2DMode":false,"pivot":{"x":-0.04850006103515625,"y":5.696155548095703,"z":-16.196640014648439},"rotation":{"x":0.23538856208324433,"y":0.08270111680030823,"z":-0.020107271149754525,"w":0.9681686758995056},"size":48.64023208618164,"orthographic":false}