{"cameraMode":{"drawMode":0,"name":"Shaded","section":"Shading Mode"},"sceneLighting":true,"audioPlay":false,"sceneViewState":{"showFog":true,"showMaterialUpdate":true,"showSkybox":true,"showFlares":true,"showImageEffects":true,"showParticleSystems":true},"in2DMode":false,"pivot":{"x":-71.06805419921875,"y":-32.06232452392578,"z":47.17256164550781},"rotation":{"x":0.1708482801914215,"y":-0.4175616204738617,"z":0.08025849610567093,"w":0.888834536075592},"size":134.13485717773438,"orthographic":false}