{"cameraMode":{"drawMode":0,"name":"Shaded","section":"Shading Mode"},"sceneLighting":true,"audioPlay":false,"sceneViewState":{"showFog":false,"showMaterialUpdate":false,"showSkybox":false,"showFlares":false,"showImageEffects":false,"showParticleSystems":false},"in2DMode":false,"pivot":{"x":-25.778013229370118,"y":-25.972471237182618,"z":-107.83161926269531},"rotation":{"x":-0.06633641570806503,"y":0.9333181977272034,"z":-0.23583251237869264,"w":-0.2625356614589691},"size":60.54364013671875,"orthographic":false}