{"cameraMode":{"drawMode":0,"name":"Shaded","section":"Shading Mode"},"sceneLighting":true,"audioPlay":false,"sceneViewState":{"showFog":false,"showMaterialUpdate":false,"showSkybox":false,"showFlares":false,"showImageEffects":false,"showParticleSystems":false},"in2DMode":false,"pivot":{"x":-5.909589767456055,"y":9.28864574432373,"z":-31.097537994384767},"rotation":{"x":-0.12820366024971009,"y":-0.30162814259529116,"z":0.040968991816043857,"w":-0.9438791275024414},"size":56.703853607177737,"orthographic":false}