{"cameraMode":{"drawMode":0,"name":"Shaded","section":"Shading Mode"},"sceneLighting":true,"audioPlay":false,"sceneViewState":{"showFog":false,"showMaterialUpdate":false,"showSkybox":false,"showFlares":false,"showImageEffects":false,"showParticleSystems":false},"in2DMode":false,"pivot":{"x":-0.5602971315383911,"y":2.0030574798583986,"z":-0.966591477394104},"rotation":{"x":0.2603204846382141,"y":0.15700498223304749,"z":-0.04294576123356819,"w":0.9517033100128174},"size":92.3065414428711,"orthographic":false}