{"cameraMode":{"drawMode":0,"name":"Shaded","section":"Shading Mode"},"sceneLighting":true,"audioPlay":false,"sceneViewState":{"showFog":true,"showMaterialUpdate":true,"showSkybox":true,"showFlares":true,"showImageEffects":true,"showParticleSystems":true},"in2DMode":false,"pivot":{"x":4.133776664733887,"y":5.132847785949707,"z":-28.902812957763673},"rotation":{"x":-0.12384594976902008,"y":0.7884065508842468,"z":-0.1687825620174408,"w":-0.5784915685653687},"size":10.110090255737305,"orthographic":false}