{"cameraMode":{"drawMode":0,"name":"Shaded","section":"Shading Mode"},"sceneLighting":true,"audioPlay":false,"sceneViewState":{"showFog":true,"showMaterialUpdate":true,"showSkybox":true,"showFlares":true,"showImageEffects":true,"showParticleSystems":true},"in2DMode":false,"pivot":{"x":33.50370788574219,"y":4.148695468902588,"z":-29.174766540527345},"rotation":{"x":-0.04225780814886093,"y":-0.38870829343795779,"z":0.017876816913485528,"w":-0.9202377200126648},"size":69.3089370727539,"orthographic":false}