{"cameraMode":{"drawMode":0,"name":"Shaded","section":"Shading Mode"},"sceneLighting":true,"audioPlay":false,"sceneViewState":{"showFog":true,"showMaterialUpdate":true,"showSkybox":true,"showFlares":true,"showImageEffects":true,"showParticleSystems":true},"in2DMode":false,"pivot":{"x":4.429163932800293,"y":2.831547737121582,"z":-36.335723876953128},"rotation":{"x":-0.18812987208366395,"y":0.2997790277004242,"z":-0.06042507290840149,"w":-0.9333528876304627},"size":6.803123950958252,"orthographic":false}