{"cameraMode":{"drawMode":0,"name":"Shaded","section":"Shading Mode"},"sceneLighting":true,"audioPlay":false,"sceneViewState":{"showFog":false,"showMaterialUpdate":false,"showSkybox":false,"showFlares":false,"showImageEffects":false,"showParticleSystems":false},"in2DMode":false,"pivot":{"x":214.1846466064453,"y":-114.09387969970703,"z":86.98360443115235},"rotation":{"x":0.1670578122138977,"y":0.48604634404182436,"z":-0.09526395797729492,"w":0.8526107668876648},"size":330.51251220703127,"orthographic":false}