{"cameraMode":{"drawMode":0,"name":"Shaded","section":"Shading Mode"},"sceneLighting":true,"audioPlay":false,"sceneViewState":{"showFog":false,"showMaterialUpdate":false,"showSkybox":false,"showFlares":false,"showImageEffects":false,"showParticleSystems":false},"in2DMode":false,"pivot":{"x":15.230759620666504,"y":9.915504455566407,"z":-64.14066314697266},"rotation":{"x":0.19100354611873628,"y":-0.3617299199104309,"z":0.07592727988958359,"w":0.9094323515892029},"size":13.5121488571167,"orthographic":false}