{"cameraMode":{"drawMode":0,"name":"Shaded","section":"Shading Mode"},"sceneLighting":false,"audioPlay":false,"sceneViewState":{"showFog":false,"showMaterialUpdate":false,"showSkybox":false,"showFlares":false,"showImageEffects":false,"showParticleSystems":false},"in2DMode":false,"pivot":{"x":9.709290504455567,"y":2.3556175231933595,"z":165.75802612304688},"rotation":{"x":0.1641020029783249,"y":0.04230337589979172,"z":-0.007051072083413601,"w":0.9855169057846069},"size":168.72698974609376,"orthographic":false}