{"cameraMode":{"drawMode":0,"name":"Shaded","section":"Shading Mode"},"sceneLighting":true,"audioPlay":false,"sceneViewState":{"showFog":false,"showMaterialUpdate":false,"showSkybox":false,"showFlares":false,"showImageEffects":false,"showParticleSystems":false},"in2DMode":false,"pivot":{"x":11.976600646972657,"y":-0.22293472290039063,"z":-10.261299133300782},"rotation":{"x":0.2009434551000595,"y":-0.3711114227771759,"z":0.08259452879428864,"w":0.9028250575065613},"size":103.10285186767578,"orthographic":false}