{"cameraMode":{"drawMode":0,"name":"Shaded","section":"Shading Mode"},"sceneLighting":true,"audioPlay":false,"sceneViewState":{"showFog":true,"showMaterialUpdate":true,"showSkybox":true,"showFlares":true,"showImageEffects":true,"showParticleSystems":true},"in2DMode":false,"pivot":{"x":-21.00864028930664,"y":-6.480224609375,"z":25.09790802001953},"rotation":{"x":-0.45443740487098696,"y":-0.06672929227352143,"z":0.03415566682815552,"w":-0.8876245021820068},"size":96.08973693847656,"orthographic":false}