{"cameraMode":{"drawMode":0,"name":"Shaded","section":"Shading Mode"},"sceneLighting":true,"audioPlay":false,"sceneViewState":{"showFog":false,"showMaterialUpdate":false,"showSkybox":false,"showFlares":false,"showImageEffects":false,"showParticleSystems":false},"in2DMode":false,"pivot":{"x":1.1920928955078126e-7,"y":1.3999998569488526,"z":-64.30000305175781},"rotation":{"x":0.06210218369960785,"y":0.9376176595687866,"z":-0.2534467577934265,"w":0.22974500060081483},"size":23.495277404785158,"orthographic":false}