{"cameraMode":{"drawMode":0,"name":"Shaded","section":"Shading Mode"},"sceneLighting":true,"audioPlay":false,"sceneViewState":{"showFog":false,"showMaterialUpdate":false,"showSkybox":false,"showFlares":false,"showImageEffects":false,"showParticleSystems":false},"in2DMode":false,"pivot":{"x":-81.59315490722656,"y":68.05803680419922,"z":181.0739288330078},"rotation":{"x":-0.0194998849183321,"y":0.011439052410423756,"z":0.00016383336333092302,"w":0.9998263716697693},"size":21.911422729492189,"orthographic":false}