{"cameraMode":{"drawMode":0,"name":"Shaded","section":"Shading Mode"},"sceneLighting":true,"audioPlay":false,"sceneViewState":{"showFog":false,"showMaterialUpdate":false,"showSkybox":false,"showFlares":false,"showImageEffects":false,"showParticleSystems":false},"in2DMode":false,"pivot":{"x":315.7769775390625,"y":-8.07797622680664,"z":129.33432006835938},"rotation":{"x":0.014458084478974343,"y":0.48214131593704226,"z":-0.007952038198709488,"w":0.8760348558425903},"size":330.51251220703127,"orthographic":false}