{"cameraMode":{"drawMode":0,"name":"Shaded","section":"Shading Mode"},"sceneLighting":true,"audioPlay":false,"sceneViewState":{"showFog":false,"showMaterialUpdate":false,"showSkybox":false,"showFlares":false,"showImageEffects":false,"showParticleSystems":false},"in2DMode":false,"pivot":{"x":-21.077917098999025,"y":10.27707576751709,"z":-56.75666809082031},"rotation":{"x":-0.1471703052520752,"y":-0.42149055004119875,"z":0.06956862658262253,"w":-0.8921889662742615},"size":2.328690528869629,"orthographic":false}