{"cameraMode":{"drawMode":0,"name":"Shaded","section":"Shading Mode"},"sceneLighting":true,"audioPlay":false,"sceneViewState":{"showFog":true,"showMaterialUpdate":true,"showSkybox":true,"showFlares":true,"showImageEffects":true,"showParticleSystems":true},"in2DMode":false,"pivot":{"x":38.41994094848633,"y":4.738154411315918,"z":-28.58316993713379},"rotation":{"x":0.00014254983398132026,"y":0.997645378112793,"z":0.002096600132063031,"w":-0.06896559149026871},"size":6.803123950958252,"orthographic":false}