{"cameraMode":{"drawMode":0,"name":"Shaded","section":"Shading Mode"},"sceneLighting":true,"audioPlay":false,"sceneViewState":{"showFog":false,"showMaterialUpdate":false,"showSkybox":false,"showFlares":false,"showImageEffects":false,"showParticleSystems":false},"in2DMode":false,"pivot":{"x":-8.712135314941407,"y":21.043766021728517,"z":-61.859230041503909},"rotation":{"x":-0.16950762271881104,"y":0.15509836375713349,"z":-0.027021227404475213,"w":-0.9728826880455017},"size":60.54364013671875,"orthographic":false}