{"cameraMode":{"drawMode":0,"name":"Shaded","section":"Shading Mode"},"sceneLighting":true,"audioPlay":false,"sceneViewState":{"showFog":true,"showMaterialUpdate":true,"showSkybox":true,"showFlares":true,"showImageEffects":true,"showParticleSystems":true},"in2DMode":false,"pivot":{"x":13.464804649353028,"y":-9.224740982055664,"z":1.0062751770019532},"rotation":{"x":0.3563690781593323,"y":-0.023794859647750856,"z":0.009077953174710274,"w":0.9340035319328308},"size":140.3488006591797,"orthographic":false}