{"cameraMode":{"drawMode":0,"name":"Shaded","section":"Shading Mode"},"sceneLighting":true,"audioPlay":false,"sceneViewState":{"showFog":true,"showMaterialUpdate":true,"showSkybox":true,"showFlares":true,"showImageEffects":true,"showParticleSystems":true},"in2DMode":false,"pivot":{"x":39.67747116088867,"y":37.283790588378909,"z":27.181140899658204},"rotation":{"x":0.041990868747234347,"y":-0.9545851349830627,"z":0.2457815706729889,"w":0.1630859375},"size":48.669189453125,"orthographic":false}