{"cameraMode":{"drawMode":0,"name":"Shaded","section":"Shading Mode"},"sceneLighting":true,"audioPlay":false,"sceneViewState":{"showFog":false,"showMaterialUpdate":false,"showSkybox":false,"showFlares":false,"showImageEffects":false,"showParticleSystems":false},"in2DMode":false,"pivot":{"x":58.64617156982422,"y":47.54521560668945,"z":341.85858154296877},"rotation":{"x":0.1992369145154953,"y":0.50621497631073,"z":-0.12145540118217468,"w":0.830280601978302},"size":64.51179504394531,"orthographic":true}