{"cameraMode":{"drawMode":0,"name":"Shaded","section":"Shading Mode"},"sceneLighting":true,"audioPlay":false,"sceneViewState":{"showFog":true,"showMaterialUpdate":true,"showSkybox":true,"showFlares":true,"showImageEffects":true,"showParticleSystems":true},"in2DMode":false,"pivot":{"x":17.450727462768556,"y":7.734322547912598,"z":-13.69883918762207},"rotation":{"x":-0.04772251099348068,"y":0.39157235622406008,"z":-0.02033679373562336,"w":-0.9186967015266419},"size":4.259463787078857,"orthographic":false}