{"cameraMode":{"drawMode":0,"name":"Shaded","section":"Shading Mode"},"sceneLighting":true,"audioPlay":false,"sceneViewState":{"showFog":true,"showMaterialUpdate":true,"showSkybox":true,"showFlares":true,"showImageEffects":true,"showParticleSystems":true},"in2DMode":false,"pivot":{"x":0.07910370826721192,"y":4.881941795349121,"z":2.477586030960083},"rotation":{"x":0.08089403808116913,"y":-0.23802873492240907,"z":0.019889064133167268,"w":0.9676979780197144},"size":6.803123950958252,"orthographic":false}