{"cameraMode":{"drawMode":0,"name":"Shaded","section":"Shading Mode"},"sceneLighting":true,"audioPlay":false,"sceneViewState":{"showFog":false,"showMaterialUpdate":false,"showSkybox":false,"showFlares":false,"showImageEffects":false,"showParticleSystems":false},"in2DMode":false,"pivot":{"x":5.049562931060791,"y":-14.481413841247559,"z":14.692666053771973},"rotation":{"x":-0.17211346328258515,"y":-0.5350196957588196,"z":0.11237241327762604,"w":-0.8194553256034851},"size":77.76497650146485,"orthographic":false}