{"cameraMode":{"drawMode":0,"name":"Shaded","section":"Shading Mode"},"sceneLighting":true,"audioPlay":false,"sceneViewState":{"showFog":false,"showMaterialUpdate":false,"showSkybox":false,"showFlares":false,"showImageEffects":false,"showParticleSystems":false},"in2DMode":false,"pivot":{"x":7.020168304443359,"y":19.424903869628908,"z":2.1777753829956056},"rotation":{"x":0.1868095099925995,"y":-0.36288753151893618,"z":0.07450570911169052,"w":0.9098713397979736},"size":25.283010482788087,"orthographic":false}