{"cameraMode":{"drawMode":0,"name":"Shaded","section":"Shading Mode"},"sceneLighting":true,"audioPlay":false,"sceneViewState":{"showFog":false,"showMaterialUpdate":false,"showSkybox":false,"showFlares":false,"showImageEffects":false,"showParticleSystems":false},"in2DMode":false,"pivot":{"x":19.69000244140625,"y":-6.940206527709961,"z":-21.133930206298829},"rotation":{"x":-0.22168287634849549,"y":0.37761420011520388,"z":-0.09362613409757614,"w":-0.8941614031791687},"size":77.76497650146485,"orthographic":false}