{"cameraMode":{"drawMode":0,"name":"Shaded","section":"Shading Mode"},"sceneLighting":true,"audioPlay":false,"sceneViewState":{"showFog":false,"showMaterialUpdate":false,"showSkybox":false,"showFlares":false,"showImageEffects":false,"showParticleSystems":false},"in2DMode":false,"pivot":{"x":7.850439071655273,"y":-30.91805648803711,"z":-0.7008064389228821},"rotation":{"x":-0.28121328353881838,"y":-0.21167680621147157,"z":0.06374329328536987,"w":-0.933836817741394},"size":103.10285186767578,"orthographic":false}