{"cameraMode":{"drawMode":0,"name":"Shaded","section":"Shading Mode"},"sceneLighting":true,"audioPlay":false,"sceneViewState":{"showFog":false,"showMaterialUpdate":false,"showSkybox":false,"showFlares":false,"showImageEffects":false,"showParticleSystems":false},"in2DMode":false,"pivot":{"x":22.952062606811525,"y":6.311410427093506,"z":-19.899269104003908},"rotation":{"x":-0.144148588180542,"y":-0.6495147943496704,"z":0.12727376818656922,"w":-0.735632598400116},"size":22.743913650512697,"orthographic":false}