{"cameraMode":{"drawMode":0,"name":"Shaded","section":"Shading Mode"},"sceneLighting":true,"audioPlay":false,"sceneViewState":{"showFog":true,"showMaterialUpdate":true,"showSkybox":true,"showFlares":true,"showImageEffects":true,"showParticleSystems":true},"in2DMode":false,"pivot":{"x":-1.9332761764526368,"y":2.562602996826172,"z":-14.773021697998047},"rotation":{"x":0.20363441109657288,"y":0.11018139123916626,"z":-0.02312804013490677,"w":0.972590982913971},"size":48.72639083862305,"orthographic":false}