{"cameraMode":{"drawMode":0,"name":"Shaded","section":"Shading Mode"},"sceneLighting":true,"audioPlay":false,"sceneViewState":{"showFog":true,"showMaterialUpdate":true,"showSkybox":true,"showFlares":true,"showImageEffects":true,"showParticleSystems":true},"in2DMode":false,"pivot":{"x":107.5067138671875,"y":-213.41622924804688,"z":218.78619384765626},"rotation":{"x":0.3051040470600128,"y":0.1791670173406601,"z":-0.05856814235448837,"w":0.9334918260574341},"size":558.927001953125,"orthographic":false}