{"cameraMode":{"drawMode":0,"name":"Shaded","section":"Shading Mode"},"sceneLighting":true,"audioPlay":false,"sceneViewState":{"showFog":false,"showMaterialUpdate":false,"showSkybox":false,"showFlares":false,"showImageEffects":false,"showParticleSystems":false},"in2DMode":false,"pivot":{"x":-0.5602971315383911,"y":2.0030574798583986,"z":-0.966591477394104},"rotation":{"x":0.051222000271081927,"y":-0.9317445755004883,"z":0.14511168003082276,"w":0.3288944959640503},"size":23.320096969604493,"orthographic":false}