{"cameraMode":{"drawMode":0,"name":"Shaded","section":"Shading Mode"},"sceneLighting":true,"audioPlay":false,"sceneViewState":{"showFog":true,"showMaterialUpdate":true,"showSkybox":true,"showFlares":true,"showImageEffects":true,"showParticleSystems":true},"in2DMode":false,"pivot":{"x":-14.513731002807618,"y":-2.9727401733398439,"z":-0.28343963623046877},"rotation":{"x":0.1468406766653061,"y":0.08298559486865998,"z":-0.012364372611045838,"w":0.9855977296829224},"size":94.0506820678711,"orthographic":false}