{"cameraMode":{"drawMode":0,"name":"Shaded","section":"Shading Mode"},"sceneLighting":true,"audioPlay":false,"sceneViewState":{"showFog":true,"showMaterialUpdate":true,"showSkybox":true,"showFlares":true,"showImageEffects":true,"showParticleSystems":true},"in2DMode":false,"pivot":{"x":-4.213722229003906,"y":-13.510719299316407,"z":-6.959659576416016},"rotation":{"x":0.3683634102344513,"y":-0.11639311909675598,"z":0.046543385833501819,"w":0.9211966395378113},"size":99.76876831054688,"orthographic":false}