{"cameraMode":{"drawMode":0,"name":"Shaded","section":"Shading Mode"},"sceneLighting":true,"audioPlay":false,"sceneViewState":{"showFog":true,"showMaterialUpdate":true,"showSkybox":true,"showFlares":true,"showImageEffects":true,"showParticleSystems":true},"in2DMode":false,"pivot":{"x":-0.4251451790332794,"y":1.128063678741455,"z":-63.847984313964847},"rotation":{"x":0.2010277658700943,"y":0.28165388107299807,"z":-0.06047362461686134,"w":0.9362708330154419},"size":2.8275842666625978,"orthographic":false}