{"cameraMode":{"drawMode":0,"name":"Shaded","section":"Shading Mode"},"sceneLighting":true,"audioPlay":false,"sceneViewState":{"showFog":true,"showMaterialUpdate":true,"showSkybox":true,"showFlares":true,"showImageEffects":true,"showParticleSystems":true},"in2DMode":false,"pivot":{"x":9.028568267822266,"y":-10.78872299194336,"z":22.378257751464845},"rotation":{"x":0.39923518896102908,"y":-0.06837426126003266,"z":0.029872406274080278,"w":0.9138105511665344},"size":134.13485717773438,"orthographic":false}