{"cameraMode":{"drawMode":0,"name":"Shaded","section":"Shading Mode"},"sceneLighting":true,"audioPlay":false,"sceneViewState":{"showFog":true,"showMaterialUpdate":true,"showSkybox":true,"showFlares":true,"showImageEffects":true,"showParticleSystems":true},"in2DMode":false,"pivot":{"x":-5.1364665031433109,"y":-12.408992767333985,"z":-6.070933818817139},"rotation":{"x":0.29276904463768008,"y":0.2172577679157257,"z":-0.06849746406078339,"w":0.9286587238311768},"size":89.38002014160156,"orthographic":false}